{"version": 2, "width": 80, "height": 25, "timestamp": 1598186474, "env": {"SHELL": "/bin/zsh", "TERM": "xterm-256color"}}
[0.365259, "o", "\u001b]2;\u0007"]
[0.366103, "o", "\r\u001b[0m\u001b[27m\u001b[24m\u001b[J[\u001b[32mrob\u001b[39m@\u001b[36mmahler\u001b[39m:~/welcome]$ \u001b[K\u001b[?2004h"]
[1.925989, "o", "c"]
[2.228884, "o", "\bca"]
[2.408878, "o", "t"]
[2.420407, "o", " "]
[3.230266, "o", ">"]
[3.455069, "o", " "]
[3.972584, "o", "w"]
[4.130419, "o", "e"]
[4.186503, "o", "l"]
[4.433751, "o", "c"]
[4.478551, "o", "o"]
[4.523443, "o", "m"]
[4.624808, "o", "e"]
[4.996418, "o", "."]
[5.513599, "o", "j"]
[5.581047, "o", "s"]
[6.459045, "o", "\u001b[?2004l\r\r\n"]
[8.494937, "o", "c"]
[8.563207, "o", "o"]
[8.697545, "o", "n"]
[9.338875, "o", "s"]
[9.371851, "o", "t"]
[9.428863, "o", " "]
[10.531018, "o", "l"]
[10.677311, "o", "o"]
[10.867928, "o", "l"]
[11.138892, "o", "c"]
[11.341302, "o", "a"]
[11.915251, "o", "t"]
[12.298698, "o", "j"]
[12.365082, "o", "s"]
[12.702748, "o", " "]
[13.321817, "o", "="]
[13.557795, "o", " "]
[13.838999, "o", "r"]
[13.906331, "o", "e"]
[14.43519, "o", "q"]
[14.491769, "o", "u"]
[14.524894, "o", "i"]
[15.076463, "o", "r"]
[15.155148, "o", "e"]
[16.326026, "o", "("]
[16.955226, "o", "'"]
[17.371661, "o", "l"]
[17.472785, "o", "o"]
[17.641098, "o", "l"]
[17.866941, "o", "c"]
[18.125261, "o", "a"]
[18.564466, "o", "t"]
[20.094389, "o", "j"]
[20.161574, "o", "s"]
[20.938103, "o", "'"]
[21.387946, "o", ")"]
[21.770423, "o", ";"]
[22.26544, "o", "\r\n"]
[22.817011, "o", "c"]
[22.849675, "o", "o"]
[22.895844, "o", "n"]
[23.019443, "o", "s"]
[23.153917, "o", "t"]
[23.198981, "o", " "]
[24.425419, "o", "f"]
[24.819238, "o", "i"]
[25.100516, "o", "g"]
[25.516432, "o", "l"]
[25.640014, "o", "e"]
[25.753075, "o", "t"]
[26.213957, "o", " "]
[26.731594, "o", "="]
[26.956852, "o", " "]
[27.283077, "o", "r"]
[27.339182, "o", "e"]
[27.83419, "o", "q"]
[27.889621, "o", "u"]
[27.91333, "o", "i"]
[28.543026, "o", "r"]
[28.599412, "o", "e"]
[29.398054, "o", "("]
[30.690991, "o", "'"]
[31.096924, "o", "f"]
[31.107702, "o", "i"]
[31.332975, "o", "g"]
[31.704696, "o", "e"]
[32.165808, "o", "\b \b"]
[32.48052, "o", "l"]
[32.593092, "o", "e"]
[32.784368, "o", "t"]
[33.729676, "o", "'"]
[34.010606, "o", ")"]
[34.234845, "o", ";"]
[34.876823, "o", "\r\n"]
[35.56315, "o", "\r\n"]
[36.283203, "o", "f"]
[36.316753, "o", "i"]
[36.654401, "o", "g"]
[37.328986, "o", "l"]
[37.43053, "o", "e"]
[37.610722, "o", "t"]
[38.859529, "o", "("]
[39.467002, "o", "'"]
[39.793711, "o", "H"]
[39.995619, "o", "e"]
[40.041058, "o", "l"]
[40.153599, "o", "l"]
[40.288258, "o", "o"]
[40.366914, "o", " "]
[40.794478, "o", "I"]
[40.929537, "o", "n"]
[41.424372, "o", "t"]
[41.491927, "o", "e"]
[41.536939, "o", "r"]
[41.795647, "o", "n"]
[41.885705, "o", "e"]
[41.987467, "o", "t"]
[43.303216, "o", "'"]
[44.079905, "o", ","]
[44.225822, "o", " "]
[44.900439, "o", "("]
[45.407026, "o", "e"]
[45.574976, "o", ","]
[45.665609, "o", " "]
[45.88042, "o", "d"]
[46.599541, "o", ")"]
[46.959474, "o", " "]
[47.578304, "o", "="]
[47.994755, "o", ">"]
[48.691981, "o", " "]
[49.085882, "o", "l"]
[49.221154, "o", "o"]
[49.366867, "o", "l"]
[49.547077, "o", "c"]
[49.614711, "o", "a"]
[50.278861, "o", "t"]
[50.87467, "o", "j"]
[50.931256, "o", "s"]
[51.740884, "o", "."]
[52.07855, "o", "f"]
[52.223479, "o", "r"]
[52.247046, "o", "o"]
[52.291913, "o", "m"]
[52.787835, "o", "S"]
[52.910909, "o", "t"]
[53.023413, "o", "r"]
[53.090874, "o", "i"]
[53.1245, "o", "b"]
[53.777069, "o", "\b \b"]
[54.024467, "o", "n"]
[54.530955, "o", "g"]
[56.005216, "o", "("]
[56.21858, "o", "d"]
[56.522256, "o", ")"]
[57.50108, "o", ")"]
[58.199055, "o", ";"]
[59.807393, "o", "\r\n"]
[61.60816, "o", "^D\b\b"]
[61.618785, "o", "\u001b]2;\u0007"]
[61.618958, "o", "\r\u001b[0m\u001b[27m\u001b[24m\u001b[J[\u001b[32mrob\u001b[39m@\u001b[36mmahler\u001b[39m:~/welcome]$ \u001b[K\u001b[?2004h"]
[63.576234, "o", "n"]
[63.71129, "o", "\bno"]
[63.82376, "o", "d"]
[63.958728, "o", "e"]
[64.116326, "o", " "]
[65.275323, "o", "w"]
[65.410273, "o", "e"]
[65.465768, "o", "l"]
[66.441032, "o", "come.js"]
[68.47007, "o", "\u001b[?2004l\r\r\n"]
[68.557388, "o", "\u001b[?25h"]
[68.562508, "o", "\u001b[38;2;166;214;4m \u001b[39m\u001b[38;2;170;211;3m \u001b[39m"]
[68.562549, "o", "\u001b[38;2;175;207;2m_\u001b[39m"]
[68.562699, "o", "\u001b[38;2;179;203;2m \u001b[39m\u001b[38;2;183;199;1m \u001b[39m\u001b[38;2;187;195;1m \u001b[39m\u001b[38;2;192;191;1m_\u001b[39m"]
[68.562821, "o", "\u001b[38;2;196;187;1m \u001b[39m\u001b[38;2;200;183;1m \u001b[39m\u001b[38;2;204;179;2m \u001b[39m\u001b[38;2;207;174;2m \u001b[39m"]
[68.562863, "o", "\u001b[38;2;211;170;3m \u001b[39m\u001b[38;2;215;165;4m \u001b[39m"]
[68.563059, "o", "\u001b[38;2;218;161;5m_\u001b[39m\u001b[38;2;221;156;7m \u001b[39m\u001b[38;2;224;151;8m_\u001b[39m\u001b[38;2;227;147;10m \u001b[39m\u001b[38;2;230;142;12m \u001b[39m\u001b[38;2;233;137;14m \u001b[39m"]
[68.563264, "o", "\u001b[38;2;236;132;16m \u001b[39m\u001b[38;2;238;128;18m \u001b[39m\u001b[38;2;240;123;21m \u001b[39m\u001b[38;2;243;118;23m \u001b[39m\u001b[38;2;245;113;26m \u001b[39m\u001b[38;2;246;109;29m \u001b[39m"]
[68.563394, "o", "\u001b[38;2;248;104;32m_\u001b[39m\u001b[38;2;249;99;35m_\u001b[39m\u001b[38;2;251;95;39m_\u001b[39m\u001b[38;2;252;90;42m \u001b[39m\u001b[38;2;253;86;46m \u001b[39m\u001b[38;2;254;81;49m \u001b[39m"]
[68.563582, "o", "\u001b[38;2;254;77;53m \u001b[39m\u001b[38;2;255;72;57m \u001b[39m\u001b[38;2;255;68;61m \u001b[39m\u001b[38;2;255;64;65m \u001b[39m\u001b[38;2;255;60;69m_\u001b[39m\u001b[38;2;255;56;73m \u001b[39m\u001b[38;2;254;52;78m \u001b[39m\u001b[38;2;253;48;82m \u001b[39m\u001b[38;2;253;45;87m \u001b[39m\u001b[38;2;252;41;91m \u001b[39m"]
[68.563762, "o", "\u001b[38;2;251;38;96m \u001b[39m\u001b[38;2;249;34;100m \u001b[39m\u001b[38;2;248;31;105m \u001b[39m\u001b[38;2;246;28;110m \u001b[39m\u001b[38;2;244;25;114m \u001b[39m\u001b[38;2;242;23;119m \u001b[39m\u001b[38;2;240;20;124m \u001b[39m\u001b[38;2;238;18;129m \u001b[39m"]
[68.563805, "o", "\u001b[38;2;235;15;133m \u001b[39m\u001b[38;2;233;13;138m \u001b[39m\u001b[38;2;230;11;143m \u001b[39m"]
[68.563982, "o", "\u001b[38;2;227;10;148m \u001b[39m\u001b[38;2;224;8;152m \u001b[39m"]
[68.564095, "o", "\u001b[38;2;221;6;157m \u001b[39m\u001b[38;2;217;5;162m \u001b[39m\u001b[38;2;214;4;166m \u001b[39m\u001b[38;2;210;3;171m \u001b[39m\u001b[38;2;207;2;175m \u001b[39m\u001b[38;2;203;2;180m_\u001b[39m\u001b[38;2;199;1;184m \u001b[39m\u001b[38;2;195;1;188m \u001b[39m\u001b[38;2;191;1;192m \u001b[39m\r\n\u001b[?25h"]
[68.56424, "o", "\u001b[?25h\u001b[38;2;200;183;1m \u001b[39m\u001b[38;2;204;179;2m|\u001b[39m\u001b[38;2;207;174;2m \u001b[39m\u001b[38;2;211;170;3m|\u001b[39m\u001b[38;2;215;165;4m \u001b[39m\u001b[38;2;218;161;5m|\u001b[39m\u001b[38;2;221;156;7m \u001b[39m\u001b[38;2;224;151;8m|\u001b[39m"]
[68.564418, "o", "\u001b[38;2;227;147;10m \u001b[39m\u001b[38;2;230;142;12m_\u001b[39m\u001b[38;2;233;137;14m_\u001b[39m\u001b[38;2;236;132;16m_\u001b[39m\u001b[38;2;238;128;18m|\u001b[39m\u001b[38;2;240;123;21m \u001b[39m\u001b[38;2;243;118;23m|\u001b[39m\u001b[38;2;245;113;26m \u001b[39m"]
[68.564563, "o", "\u001b[38;2;246;109;29m|\u001b[39m\u001b[38;2;248;104;32m \u001b[39m\u001b[38;2;249;99;35m_\u001b[39m\u001b[38;2;251;95;39m_\u001b[39m\u001b[38;2;252;90;42m_\u001b[39m\u001b[38;2;253;86;46m \u001b[39m\u001b[38;2;254;81;49m \u001b[39m\u001b[38;2;254;77;53m \u001b[39m\u001b[38;2;255;72;57m|\u001b[39m"]
[68.564652, "o", "\u001b[38;2;255;68;61m_\u001b[39m\u001b[38;2;255;64;65m \u001b[39m\u001b[38;2;255;60;69m_\u001b[39m\u001b[38;2;255;56;73m|\u001b[39m\u001b[38;2;254;52;78m_\u001b[39m\u001b[38;2;253;48;82m \u001b[39m"]
[68.564678, "o", "\u001b[38;2;253;45;87m_\u001b[39m\u001b[38;2;252;41;91m_\u001b[39m\u001b[38;2;251;38;96m \u001b[39m"]
[68.564697, "o", "\u001b[38;2;249;34;100m|\u001b[39m"]
